{
    "sag awards": [{
            "credit": "Jordan Strauss/Invision/AP",
            "data-omniture-title": "emma-stone",
            "description": "In Alexander McQueen",
            "height": "1024",
            "id": 740438,
            "imageId": 783357,
            "moreInfoButtonLink": "",
            "moreInfoButtonText": "",
            "omniTitle": "emma-stone",
            "tags": [],
            "title": "Emma Stone",
            "url": "http://akns-images.eonline.com/eol_images/Entire_Site/2017029/rs_634x1024-170129165845-634-emma-stone-sag-awards-2017.jpg",
            "width": "634"
        },
        {
            "credit": "Jordan Strauss/Invision/AP",
            "data-omniture-title": "natalie-portman",
            "description": "In Dior",
            "height": "1024",
            "id": 740439,
            "imageId": 783355,
            "moreInfoButtonLink": "",
            "moreInfoButtonText": "",
            "omniTitle": "natalie-portman",
            "tags": [],
            "title": "Natalie Portman",
            "url": "http://akns-images.eonline.com/eol_images/Entire_Site/2017029/rs_634x1024-170129165832-634-2017-screen-actors-guild-natalie-portman.jpg",
            "width": "634"
        },
        {
            "credit": "Alberto E. Rodriguez/Getty Images",
            "data-omniture-title": "mahershala-ali",
            "description": "&nbsp; &nbsp;",
            "height": "1024",
            "id": 740440,
            "imageId": 783353,
            "moreInfoButtonLink": "",
            "moreInfoButtonText": "",
            "omniTitle": "mahershala-ali",
            "tags": [],
            "title": "Mahershala Ali",
            "url": "http://akns-images.eonline.com/eol_images/Entire_Site/2017029/rs_634x1024-170129165752-634-Mahershala-Ali.cm.12917.jpg",
            "width": "634"
        },
        {
            "credit": "Jordan Strauss/Invision/AP",
            "data-omniture-title": "salma-hayek",
            "description": "In Gucci",
            "height": "1024",
            "id": 740441,
            "imageId": 783351,
            "moreInfoButtonLink": "",
            "moreInfoButtonText": "",
            "omniTitle": "salma-hayek",
            "tags": [],
            "title": "Salma Hayek",
            "url": "http://akns-images.eonline.com/eol_images/Entire_Site/2017029/rs_634x1024-170129165629-634-salma-hayek-sag-awards-2017.jpg",
            "width": "634"
        },
        {
            "credit": "Frazer Harrison/Getty Images",
            "data-omniture-title": "michelle-williams",
            "description": "In Louis Vuitton",
            "height": "1024",
            "id": 740428,
            "imageId": 783336,
            "moreInfoButtonLink": "",
            "moreInfoButtonText": "",
            "omniTitle": "michelle-williams",
            "tags": [],
            "title": "Michelle Williams",
            "url": "http://akns-images.eonline.com/eol_images/Entire_Site/2017029/rs_634x1024-170129165010-634-2017-screen-actors-guild-michelle-williams.jpg",
            "width": "634"
        },
        {
            "credit": "Frazer Harrison/Getty Images",
            "data-omniture-title": "kerry-washington",
            "description": "&nbsp; &nbsp;",
            "height": "1024",
            "id": 740429,
            "imageId": 783339,
            "moreInfoButtonLink": "",
            "moreInfoButtonText": "",
            "omniTitle": "kerry-washington",
            "tags": [],
            "title": "Kerry Washington",
            "url": "http://akns-images.eonline.com/eol_images/Entire_Site/2017029/rs_634x1024-170129165101-634.kerry-washington.cm.12917.jpg",
            "width": "634"
        },
        {
            "credit": "Rob Latour/REX/Shutterstock",
            "data-omniture-title": "meryl-streep",
            "description": "In Valentino",
            "height": "1024",
            "id": 740430,
            "imageId": 783344,
            "moreInfoButtonLink": "",
            "moreInfoButtonText": "",
            "omniTitle": "meryl-streep",
            "tags": [],
            "title": "Meryl Streep",
            "url": "http://akns-images.eonline.com/eol_images/Entire_Site/2017029/rs_634x1024-170129165315-634-meryl-streep-sag-awards-2017.jpg",
            "width": "634"
        },
        {
            "credit": "Jordan Strauss/Invision/AP",
            "data-omniture-title": "janelle-monae",
            "description": "&nbsp; &nbsp;",
            "height": "1024",
            "id": 740431,
            "imageId": 783347,
            "moreInfoButtonLink": "",
            "moreInfoButtonText": "",
            "omniTitle": "janelle-monae",
            "tags": [],
            "title": "Janelle Monae",
            "url": "http://akns-images.eonline.com/eol_images/Entire_Site/2017029/rs_634x1024-170129165509-634-2017-screen-actors-guild-janelle-monae.jpg",
            "width": "634"
        },
        {
            "credit": "Rob Latour/REX/Shutterstock",
            "data-omniture-title": "julia-louis-dreyfus",
            "description": "In Lela Rose",
            "height": "1024",
            "id": 740432,
            "imageId": 783337,
            "moreInfoButtonLink": "",
            "moreInfoButtonText": "",
            "omniTitle": "julia-louis-dreyfus",
            "tags": [],
            "title": "Julia Louis-Dreyfus",
            "url": "http://akns-images.eonline.com/eol_images/Entire_Site/2017029/rs_634x1024-170129165028-634-julia-louis-dreyfus-sag-awards-2017.jpg",
            "width": "634"
        },
        {
            "credit": "Frazer Harrison/Getty Images",
            "data-omniture-title": "naomie-harris",
            "description": "&nbsp; &nbsp;",
            "height": "1024",
            "id": 740433,
            "imageId": 783348,
            "moreInfoButtonLink": "",
            "moreInfoButtonText": "",
            "omniTitle": "naomie-harris",
            "tags": [],
            "title": "Naomie Harris",
            "url": "http://akns-images.eonline.com/eol_images/Entire_Site/2017029/rs_634x1024-170129165532-634.naomie-harris.cm.12917.jpg",
            "width": "634"
        },
        {
            "credit": "Frazer Harrison/Getty Images",
            "data-omniture-title": "mayim-bialik",
            "description": "In Miri Couture",
            "height": "1024",
            "id": 740434,
            "imageId": 783343,
            "moreInfoButtonLink": "",
            "moreInfoButtonText": "",
            "omniTitle": "mayim-bialik",
            "tags": [],
            "title": "Mayim Bialik",
            "url": "http://akns-images.eonline.com/eol_images/Entire_Site/2017029/rs_634x1024-170129165247-634.mayim-balik.cm.12917.jpg",
            "width": "634"
        },
        {
            "credit": "Frazer Harrison/Getty Images",
            "data-omniture-title": "brie-larson",
            "description": "In Jason Wu",
            "height": "1024",
            "id": 740421,
            "imageId": 783333,
            "moreInfoButtonLink": "",
            "moreInfoButtonText": "",
            "omniTitle": "brie-larson",
            "tags": [],
            "title": "Brie Larson",
            "url": "http://akns-images.eonline.com/eol_images/Entire_Site/2017029/rs_634x1024-170129164813-634-2017-screen-actors-guild-brie-larson.jpg",
            "width": "634"
        },
        {
            "credit": "Frazer Harrison/Getty Images",
            "data-omniture-title": "gina-rodriguez",
            "description": "&nbsp; &nbsp;",
            "height": "1024",
            "id": 740422,
            "imageId": 783331,
            "moreInfoButtonLink": "",
            "moreInfoButtonText": "",
            "omniTitle": "gina-rodriguez",
            "tags": [],
            "title": "Gina Rodriguez",
            "url": "http://akns-images.eonline.com/eol_images/Entire_Site/2017029/rs_634x1024-170129164623-634-2017-screen-actors-guild-gina-rodriguez.jpg",
            "width": "634"
        },
        {
            "credit": "Alberto E. Rodriguez/Getty Images",
            "data-omniture-title": "steve-yeun",
            "description": "&nbsp; &nbsp;",
            "height": "1024",
            "id": 740423,
            "imageId": 783334,
            "moreInfoButtonLink": "",
            "moreInfoButtonText": "",
            "omniTitle": "steve-yeun",
            "tags": [],
            "title": "Steve Yeun",
            "url": "http://akns-images.eonline.com/eol_images/Entire_Site/2017029/rs_634x1024-170129164824-634.steven-yeun.cm.12917.jpg",
            "width": "634"
        },
        {
            "credit": "Frazer Harrison/Getty Images",
            "data-omniture-title": "thandie-newton",
            "description": "In Schiaparelli",
            "height": "1024",
            "id": 740415,
            "imageId": 783325,
            "moreInfoButtonLink": "",
            "moreInfoButtonText": "",
            "omniTitle": "thandie-newton",
            "tags": [],
            "title": "Thandie Newton",
            "url": "http://akns-images.eonline.com/eol_images/Entire_Site/2017029/rs_634x1024-170129164147-634-2017-screen-actors-guild-thandie-newton.jpg",
            "width": "634"
        },
        {
            "credit": "Frazer Harrison/Getty Images",
            "data-omniture-title": "taraji-p-henson",
            "description": "In Reem Acra",
            "height": "1024",
            "id": 740416,
            "imageId": 783328,
            "moreInfoButtonLink": "",
            "moreInfoButtonText": "",
            "omniTitle": "taraji-p-henson",
            "tags": [],
            "title": "Taraji P. Henson",
            "url": "http://akns-images.eonline.com/eol_images/Entire_Site/2017029/rs_634x1024-170129164348-634-2017-screen-actors-guild-taraji-p-henson.jpg",
            "width": "634"
        },
        {
            "credit": "Alberto E. Rodriguez/Getty Images",
            "data-omniture-title": "bryce-dallas-howard",
            "description": "In Dress the Population",
            "height": "1024",
            "id": 740417,
            "imageId": 783327,
            "moreInfoButtonLink": "",
            "moreInfoButtonText": "",
            "omniTitle": "bryce-dallas-howard",
            "tags": [],
            "title": "Bryce Dallas Howard",
            "url": "http://akns-images.eonline.com/eol_images/Entire_Site/2017029/rs_634x1024-170129164312-634.bryce-dallas-howard.cm.12917.jpg",
            "width": "634"
        },
        {
            "credit": "Frazer Harrison/Getty Images",
            "data-omniture-title": "tracee-ellis-ross",
            "description": "&nbsp; &nbsp;",
            "height": "1024",
            "id": 740418,
            "imageId": 783323,
            "moreInfoButtonLink": "",
            "moreInfoButtonText": "",
            "omniTitle": "tracee-ellis-ross",
            "tags": [],
            "title": "Tracee Ellis Ross",
            "url": "http://akns-images.eonline.com/eol_images/Entire_Site/2017029/rs_634x1024-170129163906-634-2017-screen-actors-guild-tracee-ellis-ross.jpg",
            "width": "634"
        },
        {
            "credit": "Frazer Harrison/Getty Images",
            "data-omniture-title": "joe-manganiello",
            "description": "&nbsp; &nbsp;",
            "height": "1024",
            "id": 740419,
            "imageId": 783320,
            "moreInfoButtonLink": "",
            "moreInfoButtonText": "",
            "omniTitle": "joe-manganiello",
            "tags": [],
            "title": "Joe Manganiello",
            "url": "http://akns-images.eonline.com/eol_images/Entire_Site/2017029/rs_634x1024-170129163619-634.joe-mang.cm.12917.jpg",
            "width": "634"
        },
        {
            "credit": "Frazer Harrison/Getty Images",
            "data-omniture-title": "sofia-vergara",
            "description": "In Zuhair Murad",
            "height": "1024",
            "id": 740380,
            "imageId": 783317,
            "moreInfoButtonLink": "",
            "moreInfoButtonText": "",
            "omniTitle": "sofia-vergara",
            "tags": [],
            "title": "Sofia Vergara",
            "url": "http://akns-images.eonline.com/eol_images/Entire_Site/2017029/rs_634x1024-170129163440-634.sofia-vergara.cm.12916.jpg",
            "width": "634"
        }
    ],
    "people's choice awards": [{
            "credit": "Alberto E. Rodriguez/Getty Images",
            "data-omniture-title": "jennifer-lopez",
            "description": "&nbsp;We\"ve been waiting for tonight to see the <em>Shades of Blue</em> star pull off another winning look. Spoiler: She didn\"t disappoint in her&nbsp;black gown with a sheer beaded bust by Reem Acra and&nbsp;Salvatore Ferragamo clutch.",
            "height": "1024",
            "id": 737845,
            "imageId": 780819,
            "moreInfoButtonLink": "",
            "moreInfoButtonText": "",
            "omniTitle": "jennifer-lopez",
            "tags": [],
            "title": "Jennifer Lopez",
            "url": "http://akns-images.eonline.com/eol_images/Entire_Site/2017018/rs_634x1024-170118174219-634-jennifer-lopez-peoples-choice-awards-2017.jpg",
            "width": "634"
        },
        {
            "credit": "Alberto E. Rodriguez/Getty Images",
            "data-omniture-title": "fifth-harmony",
            "description": "Before their highly anticipated performance, Ally Brooke, Normani Kordei, Lauren Jauregui and Dinah Jane prove to be the perfect match.&nbsp;",
            "height": "1024",
            "id": 737843,
            "imageId": 780826,
            "moreInfoButtonLink": "",
            "moreInfoButtonText": "",
            "omniTitle": "fifth-harmony",
            "tags": [],
            "title": "Fifth Harmony",
            "url": "http://akns-images.eonline.com/eol_images/Entire_Site/2017018/rs_839x1024-170118174826-634-fifth-harmony-peoples-choice-awards-2017.jpg",
            "width": "839"
        },
        {
            "credit": "Alberto E. Rodriguez/Getty Images",
            "data-omniture-title": "blake-lively",
            "description": "You know you love this look, xoxo! The People\"s Choice nominee steps out&nbsp;in an Ellie Saab dress and jewelry from&nbsp;Lorraine Schwartz.&nbsp;",
            "height": "1024",
            "id": 737842,
            "imageId": 780822,
            "moreInfoButtonLink": "",
            "moreInfoButtonText": "",
            "omniTitle": "blake-lively",
            "tags": [],
            "title": "Blake Lively",
            "url": "http://akns-images.eonline.com/eol_images/Entire_Site/2017018/rs_634x1024-170118174431-634-blake-lively-peoples-choice-awards-2017.jpg",
            "width": "634"
        },
        {
            "credit": "Kevork Djansezian/Getty Images",
            "data-omniture-title": "victoria-justice",
            "description": "The <em>Rocky Horror Picture Show</em> star&nbsp;wears a gold and silver chain cocktail dress from&nbsp;Yousef Al-Jasmi.",
            "height": "1024",
            "id": 737844,
            "imageId": 780824,
            "moreInfoButtonLink": "",
            "moreInfoButtonText": "",
            "omniTitle": "victoria-justice",
            "tags": [],
            "title": "Victoria Justice",
            "url": "http://akns-images.eonline.com/eol_images/Entire_Site/2017018/rs_634x1024-170118174657-634.Victoria-Justice-Peoples-Choice-Awards-Los-Angeles.kg.011817.jpg",
            "width": "634"
        },
        {
            "credit": "Steve Granitz/WireImage",
            "data-omniture-title": "sarah-drew",
            "description": "After some <a href=\"https://www.instagram.com/p/BPafRl1h6Z9/?taken-by=thesarahdrew&amp;hl=en\" target=\"_blank\">time</a> in the hair and makeup chair, the <em>Grey\"s Anatomy</em> star is ready to shine.&nbsp;",
            "height": "1024",
            "id": 737839,
            "imageId": 780814,
            "moreInfoButtonLink": "",
            "moreInfoButtonText": "",
            "omniTitle": "sarah-drew",
            "tags": [],
            "title": "Sarah Drew",
            "url": "http://akns-images.eonline.com/eol_images/Entire_Site/2017018/rs_634x1024-170118173232-634.Sarah-Drew-Peoples-Choice-Awards.ms.011817.jpg",
            "width": "634"
        },
        {
            "credit": "Alberto E. Rodriguez/Getty Images",
            "data-omniture-title": "priyanka-chopra",
            "description": "The <em>Quantico</em> star is back to work and back to the red carpet following her on-set injury.&nbsp;",
            "height": "1024",
            "id": 737846,
            "imageId": 780827,
            "moreInfoButtonLink": "",
            "moreInfoButtonText": "",
            "omniTitle": "priyanka-chopra",
            "tags": [],
            "title": "Priyanka Chopra",
            "url": "http://akns-images.eonline.com/eol_images/Entire_Site/2017018/rs_634x1024-170118175403-634.Priyanka-Chopra-Peoples-Choice-Awards-Los-Angeles.kg.011817.jpg",
            "width": "634"
        },
        {
            "credit": "Alberto E. Rodriguez/Getty Images",
            "data-omniture-title": "ruby-rose",
            "description": "Orange really is the new black for the Hollywood actress\" red carpet look. She rocked this&nbsp;Veronica Beard pantsuit with total style!",
            "height": "1024",
            "id": 737848,
            "imageId": 780829,
            "moreInfoButtonLink": "",
            "moreInfoButtonText": "",
            "omniTitle": "ruby-rose",
            "tags": [],
            "title": "Ruby Rose",
            "url": "http://akns-images.eonline.com/eol_images/Entire_Site/2017018/rs_634x1024-170118175756-634.Ruby-Rose-Peoples-Choice-Awards.ms.011817.jpg",
            "width": "634"
        },
        {
            "credit": "Alberto E. Rodriguez/Getty Images",
            "data-omniture-title": "jamie-chung",
            "description": "With <a href=\"https://www.instagram.com/p/BPbSXgBDL-y/?taken-by=jamiejchung&amp;hl=en\" target=\"_blank\">help</a> from fashion stylist&nbsp;Judy Kaufman, the <em>Gotham</em> star shows off her sparkling yellow dress.&nbsp;",
            "height": "1024",
            "id": 737849,
            "imageId": 780830,
            "moreInfoButtonLink": "",
            "moreInfoButtonText": "",
            "omniTitle": "jamie-chung",
            "tags": [],
            "title": "Jamie Chung",
            "url": "http://akns-images.eonline.com/eol_images/Entire_Site/2017018/rs_634x1024-170118175943-634.Jamie-Chung-Peoples-Choice-Awards-Los-Angeles.kg.011817.jpg",
            "width": "634"
        },
        {
            "credit": "Alberto E. Rodriguez/Getty Images",
            "data-omniture-title": "wilmer-valderrama",
            "description": "After a fresh <a href=\"https://www.instagram.com/p/BPbDLhADXp6/?hl=en&amp;taken-by=wilmervalderrama\" target=\"_blank\">haircut</a> from Christine Nelli, the <em>NCIS</em> star is ready for the cameras.&nbsp;",
            "height": "1024",
            "id": 737840,
            "imageId": 780813,
            "moreInfoButtonLink": "",
            "moreInfoButtonText": "",
            "omniTitle": "wilmer-valderrama",
            "tags": [],
            "title": "Wilmer Valderrama",
            "url": "http://akns-images.eonline.com/eol_images/Entire_Site/2017018/rs_634x1024-170118173203-634-Wilmer-Valderrama-peoples-choice-awards-2017.jpg",
            "width": "634"
        },
        {
            "credit": "Kevork Djansezian/Getty Images",
            "data-omniture-title": "azie-tesfa",
            "description": "The <em>Jane the Virgin</em> star has fans oohing and awwing for all the right, fashionable reasons.&nbsp;",
            "height": "1024",
            "id": 737841,
            "imageId": 780812,
            "moreInfoButtonLink": "",
            "moreInfoButtonText": "",
            "omniTitle": "azie-tesfa",
            "tags": [],
            "title": "Azie Tesfa",
            "url": "http://akns-images.eonline.com/eol_images/Entire_Site/2017018/rs_634x1024-170118173155-634.Azie-Tesfai-Peoples-Choice-Awards-Los-Angeles.kg.011817.jpg",
            "width": "634"
        },
        {
            "credit": "Kevork Djansezian/Getty Images",
            "data-omniture-title": "kristen-bell",
            "description": "It may just be a big night for the Hollywood actress who is nominated for both her movie and TV roles.",
            "height": "1024",
            "id": 737834,
            "imageId": 780808,
            "moreInfoButtonLink": "",
            "moreInfoButtonText": "",
            "omniTitle": "kristen-bell",
            "tags": [],
            "title": "Kristen Bell",
            "url": "http://akns-images.eonline.com/eol_images/Entire_Site/2017018/rs_634x1024-170118172955-rs_634x1024-170118170749-634-kristen-bell-peoples-choice-awards-11816.jpg",
            "width": "634"
        },
        {
            "credit": "Kevork Djansezian/Getty Images",
            "data-omniture-title": "ashley-greene",
            "description": "After stylist Cristina Ehrlich shared a \"<a href=\"https://www.instagram.com/p/BPbIMaCDTrl/?taken-by=cristinaehrlich&amp;hl=en\" target=\"_blank\">sneak peek</a>\" of her client\"s look, the newly engaged <em>Twilight</em> star stepped out.&nbsp;",
            "height": "1024",
            "id": 737833,
            "imageId": 780809,
            "moreInfoButtonLink": "",
            "moreInfoButtonText": "",
            "omniTitle": "ashley-greene",
            "tags": [],
            "title": "Ashley Greene",
            "url": "http://akns-images.eonline.com/eol_images/Entire_Site/2017018/rs_634x1024-170118173024-634-ashley-greene-peoples-choice-awards-2017.jpg",
            "width": "634"
        },
        {
            "credit": "Kevork Djansezian/Getty Images",
            "data-omniture-title": "candace-cameron-bure",
            "description": "It\"s not truly a <em>Full House</em> until this Hollywood actress arrives with hair and makeup from&nbsp;Daniel Blaylock.&nbsp;",
            "height": "1024",
            "id": 737831,
            "imageId": 780807,
            "moreInfoButtonLink": "",
            "moreInfoButtonText": "",
            "omniTitle": "candace-cameron-bure",
            "tags": [],
            "title": "Candace Cameron Bure",
            "url": "http://akns-images.eonline.com/eol_images/Entire_Site/2017018/rs_634x1024-170118172337-634-candice-cameron-bure-peoples-choice-awards-11816.jpg",
            "width": "634"
        },
        {
            "credit": "Kevork Djansezian/Getty Images",
            "data-omniture-title": "tom-hanks",
            "description": "Legends among us! The Favorite Dramatic Movie Actor nominee gets ready for an exciting evening.",
            "height": "1024",
            "id": 737826,
            "imageId": 780803,
            "moreInfoButtonLink": "",
            "moreInfoButtonText": "",
            "omniTitle": "tom-hanks",
            "tags": [],
            "title": "Tom Hanks",
            "url": "http://akns-images.eonline.com/eol_images/Entire_Site/2017018/rs_634x1024-170118171747-634-tom-hanks-peoples-choice-awards-2017.jpg",
            "width": "634"
        },
        {
            "credit": "Kevork Djansezian/Getty Images",
            "data-omniture-title": "cameron-dallas",
            "description": "In between Snapchatting for <em>Vogue</em> magazine, the <em>Chasing Cameron</em> star steals some time to pose for the red carpet with his four&nbsp;rings from Jason of Beverly Hills.",
            "height": "1024",
            "id": 737838,
            "imageId": 780816,
            "moreInfoButtonLink": "",
            "moreInfoButtonText": "",
            "omniTitle": "cameron-dallas",
            "tags": [],
            "title": "Cameron Dallas",
            "url": "http://akns-images.eonline.com/eol_images/Entire_Site/2017018/rs_634x1024-170118173501-634.Cameron-Dallas-Peoples-Choice-Awards-Los-Angeles.kg.011817.jpg",
            "width": "634"
        },
        {
            "credit": "Alberto E. Rodriguez/Getty Images",
            "data-omniture-title": "cheryl-burke",
            "description": "Perhaps this <em>Dancing With the Stars</em> pro is dancing away with the Best Dressed award.",
            "height": "1024",
            "id": 737820,
            "imageId": 780794,
            "moreInfoButtonLink": "",
            "moreInfoButtonText": "",
            "omniTitle": "cheryl-burke",
            "tags": [],
            "title": "Cheryl Burke",
            "url": "http://akns-images.eonline.com/eol_images/Entire_Site/2017018/rs_634x1024-170118170955-634-cheryl-burke-peoples-choice-awards-2017.jpg",
            "width": "634"
        },
        {
            "credit": "Alberto E. Rodriguez/Getty Images",
            "data-omniture-title": "chandra-wilson",
            "description": "Dr. Miranda Bailey from <em>Grey\"s Anatomy</em> is in the house.&nbsp;",
            "height": "1024",
            "id": 737821,
            "imageId": 780796,
            "moreInfoButtonLink": "",
            "moreInfoButtonText": "",
            "omniTitle": "chandra-wilson",
            "tags": [],
            "title": "Chandra Wilson",
            "url": "http://akns-images.eonline.com/eol_images/Entire_Site/2017018/rs_634x1024-170118171158-634-chandra-wilson-peoples-choice-awards-2017.jpg",
            "width": "634"
        },
        {
            "credit": "Alberto E. Rodriguez/Getty Images",
            "data-omniture-title": "camilla-luddington",
            "description": "The <em>Grey\"s Anatomy</em> star glows while showcasing her baby bump in a form-fitting gown.&nbsp;",
            "height": "1024",
            "id": 737822,
            "imageId": 780795,
            "moreInfoButtonLink": "",
            "moreInfoButtonText": "",
            "omniTitle": "camilla-luddington",
            "tags": [],
            "title": "Camilla Luddington",
            "url": "http://akns-images.eonline.com/eol_images/Entire_Site/2017018/rs_634x1024-170118171013-634.Camilla-Luddington-Peoples-Choice-Awards-Los-Angeles.kg.011817.jpg",
            "width": "634"
        },
        {
            "credit": "Kevork Djansezian/Getty Images",
            "data-omniture-title": "cheryl-hines",
            "description": "No laughing matter: The <em>Curb Your Enthusiasm</em> star looks great in her little black dress, clutch by Tadashi Shoji and&nbsp;diamond cuff by Open Hearts by Jane Seymour.",
            "height": "1024",
            "id": 737827,
            "imageId": 780804,
            "moreInfoButtonLink": "",
            "moreInfoButtonText": "",
            "omniTitle": "cheryl-hines",
            "tags": [],
            "title": "Cheryl Hines",
            "url": "http://akns-images.eonline.com/eol_images/Entire_Site/2017018/rs_634x1024-170118171925-634.Cheryl-Hines-Peoples-Choice-Awards-Los-Angeles.kg.011817.jpg",
            "width": "634"
        },
        {
            "credit": "Alberto E. Rodriguez/Getty Images",
            "data-omniture-title": "caterina-scorsone",
            "description": "<em>Grey\"s Anatomy</em>\"s Dr. Amelia Shepherd is ready for spring in her floral red carpet look.&nbsp;",
            "height": "1024",
            "id": 737850,
            "imageId": 780831,
            "moreInfoButtonLink": "",
            "moreInfoButtonText": "",
            "omniTitle": "caterina-scorsone",
            "tags": [],
            "title": "Caterina Scorsone",
            "url": "http://akns-images.eonline.com/eol_images/Entire_Site/2017018/rs_634x1024-170118180251-634.Caterina-Scorsone-Peoples-Choice-Awards-Los-Angeles.kg.011817.jpg",
            "width": "634"
        }
    ],
    "golden globes": [

    ],
    "grammys": [

    ],
    "oscars": [{
            "credit": "Frazer Harrison/Getty Images",
            "data-omniture-title": "halle-berry",
            "description": "In Versace",
            "height": "1024",
            "id": 745952,
            "imageId": 791231,
            "moreInfoButtonLink": "",
            "moreInfoButtonText": "",
            "omniTitle": "halle-berry",
            "tags": [],
            "title": "Halle Berry",
            "url": "http://akns-images.eonline.com/eol_images/Entire_Site/2017126/rs_634x1024-170226165902-634-academy-awards-oscars-2017-arrivals-halle-berry.jpg",
            "width": "634"
        },
        {
            "credit": "Frazer Harrison/Getty Images",
            "data-omniture-title": "kate-mckinnon",
            "description": "In Narciso Rodriguez",
            "height": "1024",
            "id": 745953,
            "imageId": 791235,
            "moreInfoButtonLink": "",
            "moreInfoButtonText": "",
            "omniTitle": "kate-mckinnon",
            "tags": [],
            "title": "Kate McKinnon",
            "url": "http://akns-images.eonline.com/eol_images/Entire_Site/2017126/rs_634x1024-170226170353-634-kate-mckinnon.cm.22617.jpg",
            "width": "634"
        },
        {
            "credit": "Frazer Harrison/Getty Images",
            "data-omniture-title": "jeremy-renner",
            "description": "In Hugo Boss",
            "height": "1024",
            "id": 745954,
            "imageId": 791234,
            "moreInfoButtonLink": "",
            "moreInfoButtonText": "",
            "omniTitle": "jeremy-renner",
            "tags": [],
            "title": "Jeremy Renner",
            "url": "http://akns-images.eonline.com/eol_images/Entire_Site/2017126/rs_634x1024-170226170305-634-academy-awards-oscars-2017-arrivals-jeremy-renner.jpg",
            "width": "634"
        },
        {
            "credit": "Frazer Harrison/Getty Images",
            "data-omniture-title": "viola-davis",
            "description": "In Armani Priv&eacute;",
            "height": "1024",
            "id": 745940,
            "imageId": 791210,
            "moreInfoButtonLink": "",
            "moreInfoButtonText": "",
            "omniTitle": "viola-davis",
            "tags": [],
            "title": "Viola Davis",
            "url": "http://akns-images.eonline.com/eol_images/Entire_Site/2017126/rs_634x1024-170226164515-634.viola-davis.cm.22617.jpg",
            "width": "634"
        },
        {
            "credit": "Frazer Harrison/Getty Images",
            "data-omniture-title": "ryan-gosling",
            "description": "In Gucci",
            "height": "1024",
            "id": 745941,
            "imageId": 791220,
            "moreInfoButtonLink": "",
            "moreInfoButtonText": "",
            "omniTitle": "ryan-gosling",
            "tags": [],
            "title": "Ryan Gosling",
            "url": "http://akns-images.eonline.com/eol_images/Entire_Site/2017126/rs_634x1024-170226165314-634.ryan-gosling.cm.22617.jpg",
            "width": "634"
        },
        {
            "credit": "Jordan Strauss/Invision/AP",
            "data-omniture-title": "brie-larson",
            "description": "In Oscar de la Renta",
            "height": "1024",
            "id": 745942,
            "imageId": 791213,
            "moreInfoButtonLink": "",
            "moreInfoButtonText": "",
            "omniTitle": "brie-larson",
            "tags": [],
            "title": "Brie Larson",
            "url": "http://akns-images.eonline.com/eol_images/Entire_Site/2017126/rs_634x1024-170226164610-634-brie-larson-2017-Oscars-Awards.jpg",
            "width": "634"
        },
        {
            "credit": "David Fisher/REX/Shutterstock",
            "data-omniture-title": "priyanka-chopra",
            "description": "In Ralph &amp; Russo",
            "height": "1024",
            "id": 745943,
            "imageId": 791202,
            "moreInfoButtonLink": "",
            "moreInfoButtonText": "",
            "omniTitle": "priyanka-chopra",
            "tags": [],
            "title": "Priyanka Chopra",
            "url": "http://akns-images.eonline.com/eol_images/Entire_Site/2017126/rs_634x1024-170226163810-634-academy-awards-oscars-2017-arrivals-Priyanka-Chopra.jpg",
            "width": "634"
        },
        {
            "credit": "Jordan Strauss/Invision/AP",
            "data-omniture-title": "charlize-theron",
            "description": "In Dior",
            "height": "1024",
            "id": 745944,
            "imageId": 791198,
            "moreInfoButtonLink": "",
            "moreInfoButtonText": "",
            "omniTitle": "charlize-theron",
            "tags": [],
            "title": "Charlize Theron",
            "url": "http://akns-images.eonline.com/eol_images/Entire_Site/2017126/rs_634x1024-170226163633-634-charlize-theron.cm.22617.jpg",
            "width": "634"
        },
        {
            "credit": "Jordan Strauss/Invision/AP",
            "data-omniture-title": "naomie-harris",
            "description": "&nbsp; &nbsp;",
            "height": "1024",
            "id": 745945,
            "imageId": 791218,
            "moreInfoButtonLink": "",
            "moreInfoButtonText": "",
            "omniTitle": "naomie-harris",
            "tags": [],
            "title": "Naomie Harris",
            "url": "http://akns-images.eonline.com/eol_images/Entire_Site/2017126/rs_634x1024-170226165238-634-naomie-harris-2017-Oscars-Awards.jpg",
            "width": "634"
        },
        {
            "credit": "Jordan Strauss/Invision/AP",
            "data-omniture-title": "jamie-dornan",
            "description": "&nbsp; &nbsp;",
            "height": "1024",
            "id": 745946,
            "imageId": 791215,
            "moreInfoButtonLink": "",
            "moreInfoButtonText": "",
            "omniTitle": "jamie-dornan",
            "tags": [],
            "title": "Jamie Dornan",
            "url": "http://akns-images.eonline.com/eol_images/Entire_Site/2017126/rs_634x1024-170226165027-634-jamie-dornan.cm.22617.jpg",
            "width": "634"
        },
        {
            "credit": "",
            "data-omniture-title": "emma-stone",
            "description": "In Givenchy",
            "height": "1024",
            "id": 745907,
            "imageId": 791197,
            "moreInfoButtonLink": "",
            "moreInfoButtonText": "",
            "omniTitle": "emma-stone",
            "tags": [],
            "title": "Emma Stone",
            "url": "http://akns-images.eonline.com/eol_images/Entire_Site/2017126/rs_634x1024-170226163515-634-academy-awards-oscars-2017-arrivals-emma-stone.jpg",
            "width": "634"
        },
        {
            "credit": "Jordan Strauss/Invision/AP",
            "data-omniture-title": "nicole-kidman",
            "description": "In Armani Priv&eacute;",
            "height": "1024",
            "id": 745908,
            "imageId": 791190,
            "moreInfoButtonLink": "",
            "moreInfoButtonText": "",
            "omniTitle": "nicole-kidman",
            "tags": [],
            "title": "Nicole Kidman",
            "url": "http://akns-images.eonline.com/eol_images/Entire_Site/2017126/rs_634x1024-170226163325-634-nicole-kidman-2017-Oscars-Awards.jpg",
            "width": "634"
        },
        {
            "credit": "Jordan Strauss/Invision/AP",
            "data-omniture-title": "salma-hayek",
            "description": "&nbsp; &nbsp;",
            "height": "1024",
            "id": 745909,
            "imageId": 791188,
            "moreInfoButtonLink": "",
            "moreInfoButtonText": "",
            "omniTitle": "salma-hayek",
            "tags": [],
            "title": "Salma Hayek",
            "url": "http://akns-images.eonline.com/eol_images/Entire_Site/2017126/rs_634x1024-170226163224-634.salma-hayek.cm.22617.jpg",
            "width": "634"
        },
        {
            "credit": "David Fisher/REX/Shutterstock",
            "data-omniture-title": "scarlett-johansson",
            "description": "In Alaia",
            "height": "1024",
            "id": 745902,
            "imageId": 791185,
            "moreInfoButtonLink": "",
            "moreInfoButtonText": "",
            "omniTitle": "scarlett-johansson",
            "tags": [],
            "title": "Scarlett Johansson",
            "url": "http://akns-images.eonline.com/eol_images/Entire_Site/2017126/rs_634x1024-170226163100-634-academy-awards-oscars-2017-arrivals-scarlett-johansson.jpg",
            "width": "634"
        },
        {
            "credit": "David Fisher/REX/Shutterstock",
            "data-omniture-title": "alicia-vikander",
            "description": "In Louis Vuitton",
            "height": "1024",
            "id": 745900,
            "imageId": 791180,
            "moreInfoButtonLink": "",
            "moreInfoButtonText": "",
            "omniTitle": "alicia-vikander",
            "tags": [],
            "title": "Alicia Vikander",
            "url": "http://akns-images.eonline.com/eol_images/Entire_Site/2017126/rs_634x1024-170226162524-634-academy-awards-oscars-2017-arrivals-alicia-vikander.jpg",
            "width": "634"
        },
        {
            "credit": "David Fisher/REX/Shutterstock",
            "data-omniture-title": "laura-dern",
            "description": "&nbsp; &nbsp;",
            "height": "1024",
            "id": 745901,
            "imageId": 791182,
            "moreInfoButtonLink": "",
            "moreInfoButtonText": "",
            "omniTitle": "laura-dern",
            "tags": [],
            "title": "Laura Dern",
            "url": "http://akns-images.eonline.com/eol_images/Entire_Site/2017126/rs_634x1024-170226162642-634-laura-dern-2017-Oscars-Awards.jpg",
            "width": "634"
        },
        {
            "credit": "Frazer Harrison/Getty Images",
            "data-omniture-title": "casey-affleck",
            "description": "In Louis Vuitton",
            "height": "1024",
            "id": 745898,
            "imageId": 791176,
            "moreInfoButtonLink": "",
            "moreInfoButtonText": "",
            "omniTitle": "casey-affleck",
            "tags": [],
            "title": "Casey Affleck",
            "url": "http://akns-images.eonline.com/eol_images/Entire_Site/2017126/rs_634x1024-170226162328-634.casey-affleck.cm.22617.jpg",
            "width": "634"
        },
        {
            "credit": "Jordan Strauss/Invision/AP",
            "data-omniture-title": "michelle-williams",
            "description": "In Louis Vuitton",
            "height": "1024",
            "id": 745895,
            "imageId": 791171,
            "moreInfoButtonLink": "",
            "moreInfoButtonText": "",
            "omniTitle": "michelle-williams",
            "tags": [],
            "title": "Michelle Williams",
            "url": "http://akns-images.eonline.com/eol_images/Entire_Site/2017126/rs_634x1024-170226162028-634-academy-awards-oscars-2017-arrivals-michelle-williams.jpg",
            "width": "634"
        },
        {
            "credit": "Frazer Harrison/Getty Images",
            "data-omniture-title": "michael-j-fox",
            "description": "&nbsp; &nbsp;",
            "height": "1024",
            "id": 745896,
            "imageId": 791172,
            "moreInfoButtonLink": "",
            "moreInfoButtonText": "",
            "omniTitle": "michael-j-fox",
            "tags": [],
            "title": "Michael J. Fox",
            "url": "http://akns-images.eonline.com/eol_images/Entire_Site/2017126/rs_634x1024-170226162118-634-michael-j-fox.cm.22617.jpg",
            "width": "634"
        },
        {
            "credit": "Jordan Strauss/Invision/AP",
            "data-omniture-title": "dakota-johnson",
            "description": "In Gucci",
            "height": "1024",
            "id": 745885,
            "imageId": 791168,
            "moreInfoButtonLink": "",
            "moreInfoButtonText": "",
            "omniTitle": "dakota-johnson",
            "tags": [],
            "title": "Dakota Johnson",
            "url": "http://akns-images.eonline.com/eol_images/Entire_Site/2017126/rs_634x1024-170226161746-634-academy-awards-oscars-2017-arrivals-dakota-johnson.jpg",
            "width": "634"
        }
    ],
    "emmys": [

    ]
}